{
    "cameraViews": [
        {
            "position": {
                "x": 12.825068682658834,
                "y": -7.61282661492201,
                "z": 17.494756935457374,
                "isVector3": true
            },
            "target": {
                "x": 9.701603222378198,
                "y": -4.56634885521121,
                "z": -2.2187592120246378,
                "isVector3": true
            },
            "quaternion": {
                "x": 0.07542648494613928,
                "y": 0.07826252223972043,
                "z": -0.005938354895892244,
                "w": 0.994057623542256,
                "isQuaternion": true
            },
            "up": {
                "x": 0.023612267822244657,
                "y": 0.9885511626196005,
                "z": 0.1490270434911957,
                "isVector3": true
            },
            "name": "#view1",
            "serializableClassId": "CameraView"
        },
        {
            "position": {
                "x": 4.618998818491489,
                "y": -19.62449067414967,
                "z": 8.200022643199636,
                "isVector3": true
            },
            "target": {
                "x": 6.121174333374332,
                "y": -1.8518543414648092,
                "z": -1.2623580629243758,
                "isVector3": true
            },
            "quaternion": {
                "x": 0.5109934263289327,
                "y": -0.06752165632885038,
                "z": 0.040308327283917186,
                "w": 0.8559800131584844,
                "isQuaternion": true
            },
            "up": {
                "x": -0.1380124900755357,
                "y": 0.4745219140003806,
                "z": 0.8693569495417667,
                "isVector3": true
            },
            "name": "#view2",
            "serializableClassId": "CameraView"
        },
        {
            "position": {
                "x": 2.779068804624309,
                "y": -19.68591777911591,
                "z": 6.7971034211958195,
                "isVector3": true
            },
            "target": {
                "x": 0.42845218476698116,
                "y": -1.1370445754324983,
                "z": -0.8235059047791139,
                "isVector3": true
            },
            "quaternion": {
                "x": 0.5438655213588249,
                "y": 0.12447251037313321,
                "z": -0.08197353636679912,
                "w": 0.8258312346805641,
                "isQuaternion": true
            },
            "up": {
                "x": 0.27078522699570334,
                "y": 0.39498126802522926,
                "z": 0.8778753662964165,
                "isVector3": true
            },
            "name": "#view3",
            "serializableClassId": "CameraView"
        },
        {
            "position": {
                "x": -2.70664769603915,
                "y": -16.123327121419216,
                "z": 13.621356088372702,
                "isVector3": true
            },
            "target": {
                "x": -6.431073397500396,
                "y": -1.6489527428586932,
                "z": 0.04634516157872648,
                "isVector3": true
            },
            "quaternion": {
                "x": 0.385626310818563,
                "y": 0.12296570643523284,
                "z": -0.05194032251637883,
                "w": 0.9129479647505896,
                "isQuaternion": true
            },
            "up": {
                "x": 0.18967524691926912,
                "y": 0.6971891026027192,
                "z": 0.6913397543307701,
                "isVector3": true
            },
            "name": "#view4",
            "serializableClassId": "CameraView"
        },
        {
            "position": {
                "x": 5.212377908308276,
                "y": 0.6022724768906279,
                "z": 18.17325046636868,
                "isVector3": true
            },
            "target": {
                "x": -6.157956306795971,
                "y": -0.2075299024753223,
                "z": 1.5083321628721567,
                "isVector3": true
            },
            "quaternion": {
                "x": -0.019165858258979804,
                "y": 0.2948599187849743,
                "z": 0.005915488606923953,
                "w": 0.9553299457076891,
                "isQuaternion": true
            },
            "up": {
                "x": -0.02260497363874845,
                "y": 0.9991953537434761,
                "z": -0.03313095567956281,
                "isVector3": true
            },
            "name": "#view5",
            "serializableClassId": "CameraView"
        },
        {
            "position": {
                "x": 14.845188536289745,
                "y": -2.943403021781437,
                "z": 8.986481893881127,
                "isVector3": true
            },
            "target": {
                "x": -2.0954172580221404,
                "y": 2.396251673640637,
                "z": -0.6137131653035629,
                "isVector3": true
            },
            "quaternion": {
                "x": 0.11528011266551816,
                "y": 0.4989700538594429,
                "z": -0.06717531190158964,
                "w": 0.8562866683805456,
                "isQuaternion": true
            },
            "up": {
                "x": 0.23008529610254486,
                "y": 0.9643959461894992,
                "z": 0.13038870921465884,
                "isVector3": true
            },
            "name": "#view6",
            "serializableClassId": "CameraView"
        },
        {
            "position": {
                "x": 5.38232946153432,
                "y": -1.8300068879244829,
                "z": 6.432156308794052,
                "isVector3": true
            },
            "target": {
                "x": -0.835909286913578,
                "y": 1.9745560149599646,
                "z": -5.276901716576094,
                "isVector3": true
            },
            "quaternion": {
                "x": 0.13514659580290708,
                "y": 0.23932159465323868,
                "z": -0.0336596107472464,
                "w": 0.9608993717241471,
                "isQuaternion": true
            },
            "up": {
                "x": 0.12937399527803367,
                "y": 0.9612048564944591,
                "z": 0.24361361455646474,
                "isVector3": true
            },
            "name": "#view7",
            "serializableClassId": "CameraView"
        },
        {
            "position": {
                "x": 20.24998554406352,
                "y": -12.100136601395047,
                "z": 8.689626380729386,
                "isVector3": true
            },
            "target": {
                "x": -1.7902367879639238,
                "y": 4.895835012524981,
                "z": -3.820898517009311,
                "isVector3": true
            },
            "quaternion": {
                "x": 0.2515600578968413,
                "y": 0.481379111617726,
                "z": -0.14646959668539183,
                "w": 0.82676377848566,
                "isQuaternion": true
            },
            "up": {
                "x": 0.48438302875554096,
                "y": 0.830528389035513,
                "z": 0.2749466793028868,
                "isVector3": true
            },
            "name": "#view8",
            "serializableClassId": "CameraView"
        },
        {
            "position": {
                "x": 21.846467352650713,
                "y": 6.18677289619981,
                "z": 11.516825767921201,
                "isVector3": true
            },
            "target": {
                "x": -6.881833471280424,
                "y": -1.0842393791413125,
                "z": 4.239134030504264,
                "isVector3": true
            },
            "quaternion": {
                "x": -0.09470542546389943,